 ,0 minute,1 minute,2 minute,3 minute,4 minute,5 minute,6 minute,7 minute,8 minute,9 minute,10 minute,11 minute,12 minute,13 minute,14 minute,15 minute,16 minute,17 minute,18 minute,19 minute,20 minute,21 minute,22 minute,23 minute,24 minute,25 minute,26 minute,27 minute,28 minute,29 minute,30 minute,31 minute,32 minute,33 minute,34 minute,35 minute,36 minute,37 minute,38 minute,39 minute,40 minute,41 minute,42 minute,43 minute,44 minute,45 minute,46 minute,47 minute,48 minute,49 minute,50 minute,51 minute,52 minute,53 minute,54 minute,55 minute,56 minute,57 minute,58 minute,59 minute,60 minute
p1,0.0,5.924069654201288e-06,5.257544379770017e-05,0.00020667514607538952,0.0003600484443183349,0.000549478884342549,0.0005866219981164594,0.0006502804810350967,0.0006595970403044404,0.0006382400858270043,0.000599390724474429,0.0005580263773642636,0.0005123926907599647,0.00046566351262041205,0.00042037951154691775,0.00037783393619997263,0.00033921496513869266,0.0003037897542599586,0.000271556279427699,0.00024241328788736252,0.00021617635695778462,0.00019249191910114557,0.00017132911194622612,0.000152477618794263,0.00013559818986336284,0.00012053806280462418,0.00010738888965411552,9.559405996476706e-05,8.500178472720688e-05,7.5518628568958e-05,6.704687000127501e-05,5.955693601480425e-05,5.286699722724389e-05,4.689326601011431e-05,4.1568507482077146e-05,3.682846183842473e-05,3.276877154224476e-05,2.91179369766465e-05,2.5834427799796432e-05,2.2894540676486338e-05,2.0270768215675217e-05,1.7959807422786402e-05,1.589866950431287e-05,1.406261640507134e-05,1.2429997273799253e-05,1.0980325989336514e-05,9.748742324499366e-06,8.645114975638505e-06,7.651375793574942e-06,6.761921213112772e-06,5.969098388710886e-06,5.269199193171754e-06,4.647843336594125e-06,4.095833129874631e-06,3.6065075293093574e-06,3.1734387292450023e-06,2.7979869781785166e-06,2.46463343380832e-06,2.1683517160583034e-06,1.9057533308233666e-06,1.6734963336771485e-06
p2,0.0,1.698510244559644e-10,3.048456232187686e-08,3.9570650783695825e-07,1.569044522335036e-06,3.7837857262009363e-06,6.073516729684379e-06,9.435231026755469e-06,1.3006526919991831e-05,1.605603807375524e-05,1.835150817323798e-05,2.0053458358285896e-05,2.1117785482656875e-05,2.158421774663243e-05,2.1583607675324587e-05,2.1233823713170472e-05,2.0664073727038232e-05,1.99167597628399e-05,1.9044308875716005e-05,1.809537051483529e-05,1.7106832686074774e-05,1.6098403190984174e-05,1.5099429472353997e-05,1.4123768426897915e-05,1.3180683674192279e-05,1.2276232404962419e-05,1.1437932588335785e-05,1.0643812175426714e-05,9.884759754068644e-06,9.164560534159535e-06,8.485246738282213e-06,7.85429205452991e-06,7.263816333746882e-06,6.7100385210590505e-06,6.192483303911501e-06,5.710145667972306e-06,5.2818359520817225e-06,4.883377017713638e-06,4.507199378511511e-06,4.15434825992088e-06,3.825096702935825e-06,3.523037582675694e-06,3.242535308018607e-06,2.981692435874814e-06,2.739752476972141e-06,2.515816172920045e-06,2.3189554331864978e-06,2.137998002855144e-06,1.9671928627901675e-06,1.8071981440804508e-06,1.6582383521127823e-06,1.5211401361287554e-06,1.3946699460004256e-06,1.2774731951191724e-06,1.169162663997027e-06,1.069274141822678e-06,9.79330737481669e-07,8.966628120861823e-07,8.199583691001577e-07,7.490307561708172e-07,6.836328790878605e-07
p3,0.0,2.683797784056325e-51,2.467494835033597e-44,4.258967766601031e-10,4.725979619371828e-09,1.787966432473104e-08,4.3935833940195216e-08,8.977336031027383e-08,1.5271190129757126e-07,2.2389700328895692e-07,2.948828058329013e-07,3.620532651518466e-07,4.213138585487581e-07,4.6931522244651977e-07,5.056341461629873e-07,5.310023010965669e-07,5.473245650092202e-07,5.55454703367342e-07,5.564624690529622e-07,5.516240691941212e-07,5.421352016527165e-07,5.288300506054232e-07,5.128169857424071e-07,4.948541566586671e-07,4.755468399380902e-07,4.5537509717942095e-07,4.354099347134889e-07,4.1551885955101504e-07,3.954117786228612e-07,3.7531855928030926e-07,3.5547827441971186e-07,3.3630425335002666e-07,3.177517437662358e-07,2.997501140448192e-07,2.823699471220415e-07,2.656743122470425e-07,2.504627656216691e-07,2.3610709400529068e-07,2.2220213796813247e-07,2.087810916090984e-07,1.9591559362465546e-07,1.838240507222707e-07,1.7235486573944695e-07,1.6144589360371274e-07,1.5109437316588658e-07,1.4129961782330521e-07,1.3249100210316123e-07,1.2436536425553492e-07,1.1654438915313184e-07,1.0903558375148266e-07,1.0187658570208136e-07,9.513391544141341e-08,8.880118249461322e-08,8.281219106950542e-08,7.716082734997836e-08,7.184130903209854e-08,6.69518300818817e-08,6.239841349625567e-08,5.809307591251282e-08,5.402707911491436e-08,5.019922916430575e-08
p4,0.0,0.0,1.5931463258249653e-11,4.940123448330255e-45,5.367908132996e-43,9.671845671337626e-42,8.834569107189907e-41,4.00762529870022e-40,5.160059863820652e-10,1.1882539406100495e-09,1.9365852689041814e-09,2.707225307762984e-09,3.452912257685097e-09,4.135913628034518e-09,7.047435776549607e-09,8.585754986168588e-09,9.60028592024462e-09,1.0332654244169079e-08,1.0863306196178531e-08,1.1228217161988228e-08,1.145119290115832e-08,1.1548284854410195e-08,1.1541614550420767e-08,1.1448314079602826e-08,1.1283852502406602e-08,1.1061596471911943e-08,1.0806494985492405e-08,1.0523857512421857e-08,1.0209755074009275e-08,9.870085162969077e-09,9.512332558629496e-09,9.148322868869412e-09,8.780908355032817e-09,8.410452022827499e-09,8.040029365699535e-09,7.672825321667337e-09,7.2573370415860685e-09,6.861383639594731e-09,6.484530997456489e-09,6.12627030532649e-09,5.7860365344199735e-09,5.4632326704215206e-09,5.1572142233904376e-09,4.867314031750411e-09,4.592855871845781e-09,4.333162156563537e-09,4.0875770161385195e-09,3.855435062829892e-09,3.6360756352316302e-09,3.428859404856083e-09,3.2331696029730474e-09,3.0484132854502926e-09,2.8740196323818047e-09,2.709440094803942e-09,2.5541498610193327e-09,2.407647669168104e-09,2.2694567302449686e-09,2.1391214916454266e-09,2.016208119179408e-09,1.900304681128254e-09,1.7910354345309757e-09
p5,0.0,0.0,1.7263840485243279e-47,0.0,0.0,0.0,0.0,0.0,6.387356610253049e-42,2.5797285386105035e-41,7.433845638941837e-41,1.7883389265605594e-40,3.792749923846514e-40,7.299476316206978e-40,5.741520557153577e-39,1.0910780132949237e-38,1.9233229782570333e-38,3.214983802081403e-38,5.138861232567167e-38,7.903222620531184e-38,1.175269588412827e-37,1.6969931812431638e-37,2.38669066936403e-37,3.278221278446351e-37,4.4076681257435854e-37,5.812686031836199e-37,7.532182470242737e-37,9.605259468818789e-37,1.2070461783527592e-36,1.4965186192182289e-36,1.8324927837240212e-36,2.2181715928730987e-36,2.6565832445153316e-36,3.150384850365821e-36,3.701782076009664e-36,4.312506439045941e-36,4.082713577146289e-36,3.866256564416824e-36,3.662242173391551e-36,3.469837406920617e-36,3.288267076260474e-36,3.116809202531464e-36,2.9547968581510664e-36,2.8016138572200077e-36,2.6566904638780713e-36,2.519500337038736e-36,2.3895579617930897e-36,2.2664164686164703e-36,2.149663338991199e-36,2.0389175401612292e-36,1.9338270686429833e-36,1.8340671963081443e-36,1.739337673094206e-36,1.6493602306146858e-36,1.563876864084863e-36,1.4826480853058098e-36,1.405451124013559e-36,1.3320788770426847e-36,1.2623382934636355e-36,1.1960489080995636e-36,1.1330416572006156e-36
p6,0.0,0.0,0.0,0.0,0.0,0.0,0.0,0.0,0.0,0.0,0.0,0.0,0.0,0.0,0.0,0.0,0.0,0.0,0.0,0.0,0.0,0.0,0.0,0.0,0.0,0.0,0.0,0.0,0.0,0.0,0.0,0.0,0.0,0.0,0.0,0.0,0.0,0.0,0.0,0.0,0.0,0.0,0.0,0.0,0.0,0.0,0.0,0.0,0.0,0.0,0.0,0.0,0.0,0.0,0.0,0.0,0.0,0.0,0.0,0.0,0.0
p7,0.0,0.0,0.0,0.0,0.0,0.0,0.0,0.0,0.0,0.0,0.0,0.0,0.0,0.0,0.0,0.0,0.0,0.0,0.0,0.0,0.0,0.0,0.0,0.0,0.0,0.0,0.0,0.0,0.0,0.0,0.0,0.0,0.0,0.0,0.0,0.0,0.0,0.0,0.0,0.0,0.0,0.0,0.0,0.0,0.0,0.0,0.0,0.0,0.0,0.0,0.0,0.0,0.0,0.0,0.0,0.0,0.0,0.0,0.0,0.0,0.0
p8,0.0,0.0,0.0,0.0,0.0,0.0,0.0,0.0,0.0,0.0,0.0,0.0,0.0,0.0,0.0,0.0,0.0,0.0,0.0,0.0,0.0,0.0,0.0,0.0,0.0,0.0,0.0,0.0,0.0,0.0,0.0,0.0,0.0,0.0,0.0,0.0,0.0,0.0,0.0,0.0,0.0,0.0,0.0,0.0,0.0,0.0,0.0,0.0,0.0,0.0,0.0,0.0,0.0,0.0,0.0,0.0,0.0,0.0,0.0,0.0,0.0
p9,0.0,0.0,0.0,0.0,0.0,0.0,0.0,0.0,0.0,0.0,0.0,0.0,0.0,0.0,0.0,0.0,0.0,0.0,0.0,0.0,0.0,0.0,0.0,0.0,0.0,0.0,0.0,0.0,0.0,0.0,0.0,0.0,0.0,0.0,0.0,0.0,0.0,0.0,0.0,0.0,0.0,0.0,0.0,0.0,0.0,0.0,0.0,0.0,0.0,0.0,0.0,0.0,0.0,0.0,0.0,0.0,0.0,0.0,0.0,0.0,0.0
p10,0.0,0.0,0.0,0.0,0.0,0.0,0.0,0.0,0.0,0.0,0.0,0.0,0.0,0.0,0.0,0.0,0.0,0.0,0.0,0.0,0.0,0.0,0.0,0.0,0.0,0.0,0.0,0.0,0.0,0.0,0.0,0.0,0.0,0.0,0.0,0.0,0.0,0.0,0.0,0.0,0.0,0.0,0.0,0.0,0.0,0.0,0.0,0.0,0.0,0.0,0.0,0.0,0.0,0.0,0.0,0.0,0.0,0.0,0.0,0.0,0.0
p11,0.0,0.0,0.0,0.0,0.0,0.0,0.0,0.0,0.0,0.0,0.0,0.0,0.0,0.0,0.0,0.0,0.0,0.0,0.0,0.0,0.0,0.0,0.0,0.0,0.0,0.0,0.0,0.0,0.0,0.0,0.0,0.0,0.0,0.0,0.0,0.0,0.0,0.0,0.0,0.0,0.0,0.0,0.0,0.0,0.0,0.0,0.0,0.0,0.0,0.0,0.0,0.0,0.0,0.0,0.0,0.0,0.0,0.0,0.0,0.0,0.0
p12,0.0,0.0,0.0,0.0,0.0,0.0,0.0,0.0,0.0,0.0,0.0,0.0,0.0,0.0,0.0,0.0,0.0,0.0,0.0,0.0,0.0,0.0,0.0,0.0,0.0,0.0,0.0,0.0,0.0,0.0,0.0,0.0,0.0,0.0,0.0,0.0,0.0,0.0,0.0,0.0,0.0,0.0,0.0,0.0,0.0,0.0,0.0,0.0,0.0,0.0,0.0,0.0,0.0,0.0,0.0,0.0,0.0,0.0,0.0,0.0,0.0
p13,0.0,0.0,0.0,0.0,0.0,0.0,0.0,0.0,0.0,0.0,0.0,0.0,0.0,0.0,0.0,0.0,0.0,0.0,0.0,0.0,0.0,0.0,0.0,0.0,0.0,0.0,0.0,0.0,0.0,0.0,0.0,0.0,0.0,0.0,0.0,0.0,0.0,0.0,0.0,0.0,0.0,0.0,0.0,0.0,0.0,0.0,0.0,0.0,0.0,0.0,0.0,0.0,0.0,0.0,0.0,0.0,0.0,0.0,0.0,0.0,0.0
p14,0.0,0.005615329434982207,0.008068985212009574,0.011347978747264377,0.015425882288585714,0.020147904312315182,0.025386243235631774,0.030965827864370892,0.036740983654877546,0.04261728401593194,0.048529490907822825,0.05455237128616874,0.06058238307436196,0.0665800673092797,0.07252113235091692,0.07838997676846751,0.08426440677315614,0.09000259507629299,0.09565449706491425,0.10121345783649457,0.10667555736027524,0.11198869431771191,0.11724377748658239,0.12238994801095751,0.1274290178551581,0.1323621281902842,0.13721867470472202,0.14197552969275148,0.14664241753173557,0.15121441604287247,0.1556879158859441,0.1600903599416936,0.16439063333581153,0.16859066716275953,0.17268857796788029,0.17668344917680906,0.18079011164563674,0.1847064238856801,0.18854014198668465,0.19228108958402795,0.19592435083759818,0.19957384574277545,0.20307525341303725,0.2064773484589236,0.20977550065760422,0.21296839545819674,0.21613906632674376,0.21925511371004036,0.22228355356475146,0.22521558334447533,0.2280460671857466,0.23073968837730088,0.23338563973481144,0.23592036530819005,0.23834326406993214,0.24065385406674183,0.2429412896636698,0.24509137962145505,0.24713987172767568,0.24908048101494126,0.2509087892344392
p15,0.0,0.00560201862203996,0.007878948334787469,0.010737816760118634,0.014172856975647151,0.018075567090934018,0.022371069535873086,0.02693153098351455,0.03165020044511289,0.03646023049163136,0.0413153998337314,0.04629253329046029,0.0512950350315291,0.056292442198933174,0.06126613102910377,0.066204482183154,0.07118729663513435,0.07607082312906943,0.08090791332059079,0.08569257586201233,0.09042096719872617,0.0950391360854977,0.09964194399640665,0.10417589904986256,0.1086414451821609,0.11303887298052881,0.11739556569118619,0.1216829486391094,0.125912403361545,0.1300800570255703,0.13418234958971434,0.1382449192203078,0.1422362639328139,0.14615829625860005,0.1500087151558116,0.15378625898103593,0.15770340072388608,0.16144909991586887,0.1651368104324914,0.1687574053836725,0.17230653607221458,0.17588768564271148,0.17934429829774545,0.1827274319009595,0.18603193364958237,0.18925622462765074,0.19247584132355697,0.19565675552661754,0.19876830845105975,0.2018033957209115,0.2047580824251267,0.20759396341457215,0.2104053576004109,0.21312704626600587,0.2157582227562151,0.21829846154545243,0.22083603577184852,0.22325141973016585,0.22558336299944748,0.22782671111117272,0.22997739286333094
p16,0.0,0.026366305349417564,0.03649471168535649,0.04850567516567112,0.06248834511504243,0.07806287568246004,0.09502958462935589,0.1129411543855008,0.13142560846150295,0.15026123818930842,0.16929593819410127,0.18889697827750207,0.20863979526901325,0.22841502351669854,0.24815433269107223,0.26781734554540426,0.28779026542976294,0.3073881329909155,0.3268734381647607,0.34622283170378826,0.3654205129260354,0.38420515445590137,0.4030433169144472,0.4216764620226538,0.44010239463545964,0.45832074839641535,0.4764568011146981,0.49435812911554783,0.5120825819039753,0.5296186033660788,0.5469519519692698,0.5641981261244621,0.5812093097684045,0.5979967702756909,0.614548863899918,0.6308593091036264,0.6479245782876031,0.6642435582038146,0.6803758738637218,0.6962831129410857,0.7119471100490069,0.7278550825402074,0.7432595686155024,0.75841497628787,0.7732952292411109,0.7878919261895664,0.8025325090180935,0.8170568841150164,0.8313288224929655,0.8453204177375702,0.8590173084745536,0.8722248312165356,0.8854115564279001,0.8982649976524889,0.9107799813892357,0.9229547964834149,0.9352039428701752,0.9469448944270592,0.9583709645235586,0.9694630753771485,0.9802042595388429
p17,0.0,0.09040550939092586,0.12366799378584653,0.16109478672863373,0.2034727716285449,0.2498143328026727,0.29973966567457516,0.35206958789539905,0.4058400338187596,0.46051972056480994,0.515751571973507,0.572800207467855,0.6303047320487223,0.6879846209774035,0.7456568641082169,0.8032183474030967,0.8620252556551194,0.919702624041279,0.9771907201317603,1.0344270437270457,1.0913669439656604,1.1470914812026385,1.2032626858466104,1.258984743742611,1.314239800023939,1.3690224960814017,1.4237576508749092,1.4778835814400868,1.5315995956103396,1.5848875540027476,1.6377110314275132,1.6904549620955802,1.7426176167248595,1.7942493443710041,1.845310027128819,1.8957780693708297,1.9490679397615578,1.9999250959607373,2.0503452730250507,2.100213716084729,2.1494744161670023,2.1998001672425493,2.24859119632505,2.296772655294652,2.344254001846099,2.3910028646900403,2.4380586982231174,2.4848924138069606,2.531056371395945,2.576470116290252,2.6210944194965005,2.664216442733438,2.7075217118774475,2.7499282909472287,2.7914143097628332,2.8319739857213406,2.873027982409027,2.9125297426003014,2.9511677071798004,2.9888933250332195,3.025657271086848
p18,0.0,0.28477771620125114,0.3861559385910083,0.49493903675480927,0.6151345136896614,0.7445107279053947,0.8824493667938067,1.025965753670636,1.1726606801788295,1.3213562624823434,1.4712957386248882,1.6264374080940347,1.782767940647457,1.9396385365487379,2.096608512627397,2.2534376914119467,2.414483235870749,2.5721849041521403,2.729606128106146,2.8866005489905358,3.043057433788309,3.1960155585305574,3.35087796076945,3.5048186740447957,3.657761747372456,3.809678793286597,3.9618982133395937,4.112584080059771,4.262334908238772,4.411143049702178,4.558933798174215,4.70689797197678,4.853476058754387,4.9988668474708025,5.142950097582143,5.285658715298357,5.437756677927405,5.582404880470465,5.726089452670217,5.8685061781903896,6.009497295367041,6.154342240274424,6.29472923101631,6.433732809703833,6.57108239107915,6.70666747429216,6.843524646438026,6.980094747313693,7.115000545976001,7.248029783184983,7.3790821818262,7.5057753389345505,7.6336435434020045,7.759261098739769,7.882551685693167,8.00349515469409,8.126563434404249,8.245206182548758,8.361639923389236,8.475757194776666,8.587432081341
p19,0.0,0.9077828767761743,1.2224716997288398,1.5466497014134024,1.8969696082670569,2.269063375586444,2.6623013416979204,3.068789348509081,3.4821297678189578,3.8995682586591984,4.319463705976482,4.7542070368157505,5.191783522992728,5.630691399173532,6.069886671243891,6.508830863050667,6.9616507173443,7.404015642120095,7.84594746197301,8.287113885250337,8.727251243016442,9.156728753166899,9.59321688222167,10.027732059134246,10.460007580319482,10.889924625722164,11.321679670878845,11.74934334077316,12.174678071993505,12.597745793868317,13.018414599424426,13.440431507667,13.858898936385962,14.274573820077583,14.687107448048199,15.096295219692367,15.536495354615578,15.953262040516151,16.367776949985146,16.779240366227278,17.187215479144815,17.60857517229525,18.016427391396018,18.421022538295084,18.821583444272974,19.217751109368926,19.618503040161325,20.01931530060852,20.41582849372389,20.80746359861318,21.193962270082526,21.567317633077018,21.94581038802488,22.31848517405679,22.685091175261444,23.045557218238944,23.41410913936049,23.769668363872068,24.119380086985096,24.463006086859764,24.80023160913306
p20,0.0,2.8932892250846813,3.872633646402381,4.849214259526183,5.8833545631267645,6.969094529400747,8.108211452886591,9.279743997172448,10.465870550037893,11.65970123105039,12.85746742534327,14.097484737298767,15.343576645481145,16.592257680208693,17.84104082725528,19.088813563854714,20.38126885080463,21.64022021253551,22.89827800372667,24.15471755371488,25.408955265371798,26.62976502320403,27.874655773916974,29.11511397777624,30.350310331653827,31.57981917834491,32.816858664533804,34.04259157852324,35.26215484389163,36.47581944159214,37.68340078198401,38.8966965360414,40.10033261256973,41.29707930106007,42.48595444825322,43.66636012868339,44.94794566803993,46.15518053573261,47.356868233515584,48.55088268630248,49.736054652608715,50.96633251577848,52.1548030824787,53.33533524473051,54.50576352928493,55.66498903472807,56.83953241298344,58.01661519031886,59.182336577087554,60.33500503163727,61.4739547650517,62.572450711767225,63.690557480223355,64.7932742619836,65.87980350156053,66.94990256960693,68.0487372686998,69.10882565096432,70.15307930552041,71.18091673419741,72.19156419715193
p21,0.0,9.011534853685923,11.989713361534944,14.889466152250685,17.90599399595456,21.03976117102386,24.306921046101817,27.654244371219846,31.03240968607301,34.423607995902046,37.81867291766657,41.33229518561989,44.85727829608431,48.385597760414356,51.911029618624454,55.43143073692214,59.09082875366104,62.64395574125917,66.19413506649312,69.73987085587824,73.28002020249393,76.71590457442603,80.22975736685534,83.73312586735645,87.22370382758054,90.7001664966466,94.20310862924535,97.67467933853064,101.12963673806844,104.5686309161253,107.99150123062148,111.43449116075939,114.85039926377203,118.24884192280628,121.6271484673886,124.98367240525191,128.66027011112476,132.10521154084822,135.53619488550487,138.94747662909177,142.3360406656253,145.87050876736885,149.27678447289895,152.66344146861547,156.02465263309543,159.35726865807624,162.73777315105605,166.13184289251,169.4962115772346,172.8256263878232,176.1183129853671,179.2875227881177,182.52530160377538,185.72241873839212,188.8764195333166,191.98650778649815,195.1925701744753,198.2842213258847,201.33319206715703,204.33780249282313,207.29614877880582
p22,0.0,27.601733667688904,36.492582451470945,45.011193281833194,53.74553226239037,62.733136593636345,72.04868301832732,81.56364653137945,91.14422512999299,100.74445086565876,110.34122618372275,120.27046091824879,130.21817598499376,140.16600636999436,150.09685775690735,160.00620635822975,170.33893425218884,180.33884027746484,190.3268641936844,200.29994486981246,210.25610549825262,219.8892602169136,229.76560004219377,239.61501128315984,249.43160214184937,259.21167203969344,269.0775952952477,278.8558689538964,288.5890230317912,298.2778628125671,307.922379887292,317.6318080996239,327.26345546780226,336.84941022900784,346.38254914023963,355.85850583905545,366.3248599988707,376.0795088087851,385.79846534709594,395.4658127989003,405.0737612953366,415.140527857096,424.8174905914258,434.4450536693763,444.00784181311303,453.4972086755461,463.12968997699846,472.8173839935739,482.42853835549073,491.9463327151343,501.3655265920191,510.410530603669,519.6830767298193,528.8480263717668,537.8980035614669,546.8304269359892,556.0706468307415,564.9751983371298,573.7651456263443,582.4349454029676,590.9795527473289
p23,0.0,92.51044897718475,121.48355142121035,148.97239538946124,176.85164879654792,205.30802952514162,234.64160114438718,264.5221426396873,294.55436551120283,324.6109434902387,354.6283343365378,385.6820124900709,416.7638560235339,447.8286888415709,478.82112580338486,509.7275025507743,542.046410253549,573.2270677779471,604.3572225089092,635.4293377598113,666.439819963828,696.3507751304204,727.0823804354904,757.7305455764714,788.2795219868009,818.7186683874049,849.4508304119137,879.9089512344183,910.2300913498359,940.4127453260486,970.4567758001984,1000.7215683461247,1030.7344626004913,1060.6105312497111,1090.3290050191258,1119.8773150464895,1152.7662304616324,1183.2585178796871,1213.6480062730552,1243.8851774297377,1273.9471469141643,1305.5757282103584,1335.9002755170882,1366.0838561497142,1396.08216166577,1425.8696545579328,1456.1153136838327,1486.5824966584462,1516.8343213308794,1546.8117724102942,1576.4960445762715,1604.9321341943562,1634.1773327670146,1663.1064209785188,1691.6954804190786,1719.93536251795,1749.239264890389,1777.4571098353927,1805.3353520548926,1832.8531069033945,1859.9939949001325
p24,0.0,302.9436909393902,394.9570043310589,481.83044560959974,569.2513587050338,657.9280650687826,748.9018499029273,841.351206631833,934.1239830637218,1026.8836224551003,1119.4657437928697,1215.2384853005747,1311.042734710899,1406.7775928204114,1502.2650099265545,1597.4567818023481,1697.2733097479318,1793.3090333308517,1889.1576299446726,1984.7975058887992,2080.220946865649,2171.9910003313366,2266.4574865226564,2360.6580311929406,2454.5520504789174,2548.110231700752,2642.6250769347516,2736.2892501242804,2829.54188509225,2922.3660781215713,3014.7579276066763,3107.870159479217,3200.171077719838,3292.0576138951483,3383.470404179809,3474.3739989361015,3576.2575498781143,3670.2492503428525,3763.944447369442,3857.190974326292,3949.9207039951884,4047.849782382707,4141.503123182484,4234.7504370795605,4327.4670339128215,4419.580184782798,4513.101987453049,4607.445992624931,4701.2003012408795,4794.166696345324,4886.277091649263,4974.306569880158,5065.111704628978,5154.999531230591,5243.8954052063045,5331.76814674258,5423.200077636401,5511.179403330935,5598.1708060140945,5684.098414016746,5768.906308628424
p25,0.0,1037.6138728889036,1342.450651155549,1629.9892729928763,1917.710037106264,2208.284071390101,2505.247526006428,2806.459621552827,3108.3083222310124,3409.8530513126075,3710.660258233336,4021.768936256378,4332.84886516396,4643.7055033249035,4953.751464633811,5262.809384986084,5587.7550895998975,5899.632979704818,6210.840688501459,6521.30328601704,6830.995877411415,7128.0236327091825,7434.311066133391,7739.690517458742,8044.051236311855,8347.307542272181,8653.783325506976,8957.458901366974,9259.82372567402,9560.786353897762,9860.317617725272,10162.276680542793,10461.46820993002,10759.305035999047,11055.607414724413,11350.269586381319,11682.57670535458,11987.691804984188,12291.879709296783,12594.64839222887,12895.781586311026,13214.875818669987,13519.27357506511,13822.398062269793,14123.88118876473,14423.50897302227,14727.575021569568,15034.7086456592,15340.146762891636,15643.207802537616,15943.639991507736,16230.089356355287,16526.398062135617,16819.890525235744,17110.325463673158,17397.594756877676,17697.212652393213,17985.298988642633,18270.364758448613,18552.12867228928,18830.386494444865
p26,0.0,3234.80616537985,4151.772598798452,5018.929191070716,5883.079317266212,6753.235156854664,7640.1945447986045,8538.905704526082,9438.710822650779,10337.054475930101,11232.841380966225,12158.962769648506,13084.705719107214,14009.902443862296,14932.82030196138,15852.905654958015,16822.86008813596,17751.90388378504,18678.961197887103,19603.781508104064,20526.277426374534,21408.983810435566,22320.78007105325,23229.841370851784,24135.886477267853,25038.680249310863,25951.365841542578,26855.67278691902,27756.24827566432,28652.71836178182,29544.94142318426,30444.67536085851,31335.854160829538,32223.01143168256,33105.63636189099,33983.4331809214,34978.7329138361,35888.715887784696,36796.065463546394,37699.31246414721,38597.82399160424,39552.78703074,40461.72606089351,41366.97794066418,42267.53829748396,43162.8350141439,44070.69121645832,44988.776148986246,45902.46368584582,46809.637020753835,47709.47695269568,48565.63548520547,49453.582459673285,50333.63859304914,51205.089821768255,52067.60001934034,52969.020032938104,53835.24066966051,54693.07649809672,55541.58838521241,56380.085008449256
p27,0.0,7904.69207142724,10060.913552732682,12111.486931411882,14149.036790383194,16196.70439481751,18280.38826596242,20391.31044958462,22504.291884176662,24613.379970566024,26716.079872515533,28888.922813153637,31060.270696966847,33230.668421612834,35396.07593851884,37555.20166219827,39837.102250933305,42018.77870100392,44196.048900587855,46368.25965207457,48535.178523792376,50604.37044041703,52745.41906858375,54880.160040441864,57008.033210696114,59128.52577254232,61272.90927377664,63397.65449372355,65514.2496921308,67621.58788782381,69719.21186691687,71835.2027750034,73930.59329817341,76016.71486805636,78092.38542355274,80156.93161388536,82508.93204503978,84651.12671552226,86787.52677782696,88914.6168098968,91030.92492766253,93286.19759031139,95428.48077421066,97562.3132890942,99685.49218172327,101796.8061874558,103935.50898805869,106100.49692005033,108256.64079987218,110398.7667266026,112524.83719179963,114543.79929442126,116642.83027980202,118724.48712795803,120787.09120445645,122829.82763483906,124968.38650446096,127022.40417493109,129058.22759032976,131073.40311629922,133066.1621852354
p28,0.0,15658.572503696521,19756.537671011843,23685.602781216618,27583.474430269995,31495.609736934173,35472.2361233018,39502.94519017718,43539.39814893196,47569.69984009832,51588.601846906786,55739.79560506745,59887.44389444031,64034.27717050392,68172.33468831851,72299.1068509824,76670.81317716156,80843.44532548057,85008.30637309,89164.02757705653,93310.13986961446,97261.87421989527,101357.74156131524,105441.98613944913,109513.73862045238,113572.10868611737,117677.39101047246,121745.32124726557,125799.21850737065,129836.54374993937,133856.21015775503,137912.62172505748,141929.14216644948,145928.6770311712,149908.93634928402,153868.63517852023,158398.61172713205,162510.40471388,166612.23554937114,170697.1145091691,174762.20867848973,179104.63251004837,183222.310968177,187324.3650168835,191406.75607350696,195467.358005579,199575.5717140009,203737.86455503432,207886.13205492316,212010.00308965775,216105.39783235494,219987.6365844687,224033.0237647677,228047.4457543597,232027.65389691343,235972.03829749784,240107.4149894872,244077.57512206657,248015.94512336238,251917.3120430273,255778.10803267488
p29,0.0,29609.707472908933,37019.825865848165,44196.218710297464,51315.71127543155,58456.919837202484,65710.4672619591,73069.5201419386,80446.25739083403,87817.84159875155,95173.31944856544,102769.28957338711,110359.08293303284,117950.78035725962,125528.58240955064,133087.35912542118,141112.3938464308,148759.76821180826,156394.10128358103,164012.57521022292,171614.256948818,178846.75650186685,186355.0962654118,193842.83363160922,201308.78142257506,208751.52473605378,216282.0677795637,223744.22381427532,231183.79751209903,238595.41475642793,245976.75052920668,253428.48432273016,260806.7960798266,268155.89415737794,275471.4721357681,282751.1460347507,291110.79133245844,298675.0183324302,306223.79956684797,313743.59714340745,321229.06129899767,329242.7082454354,336830.08723285364,344390.2343291123,351915.8669690776,359403.31273428554,366968.2676381322,374638.2254910861,382288.0302898564,389897.61631416826,397459.11026040174,404615.41488084017,412088.3004339926,419508.68515228294,426870.50566224504,434170.70167948777,441833.7171798571,449187.50774749304,456488.81724844244,463727.06762074376,470895.54925750324
p30,0.0,52075.62238819917,64492.33197654046,76650.67676613275,88734.89137223383,100860.02048767926,113170.8597425937,125674.92742270135,138225.18143883251,150781.5666697015,163323.37811542477,176276.07486652912,189221.92748049248,202180.79154758464,215122.57666467203,228036.63469834288,241777.06273961108,254851.60700586785,267906.47291797615,280935.9669673542,293938.0990798063,306287.8232857299,319128.2298141077,331934.1616413866,344704.23827389866,357436.43306694384,370320.9648672774,383087.3824347637,395820.42308303807,408509.83416507154,421151.13720676414,433917.7094468866,446558.593812301,459153.28811223136,471694.25472757366,484177.36946199916,498562.5549720454,511540.40805419144,524497.7384323111,537409.9719243026,550267.4826189103,564060.3840614388,577102.0352977383,590100.3432483567,603042.8250363527,615923.4189666089,628918.8747562263,642101.9763532375,655260.7007139887,668358.8512165823,681382.0705304944,693688.7210756694,706565.804067094,719360.7103878339,732062.8830290074,744666.8782777238,757911.54783375,770616.2443551011,783241.635563659,795767.9291495932,808183.4211233068
p31,0.0,81867.26463072177,100393.33466568822,118735.99254887001,137034.21056401552,155424.4720981585,174099.49411300695,193092.86016720723,212184.3793125331,231311.86210331155,250441.45264308286,270203.5826083633,289964.6566000966,309766.74681214354,329558.78208653716,349320.5697989951,370394.7818284877,390422.16696287843,410426.0638121302,430395.7980910837,450327.0820242875,469228.6298589055,488910.96766926587,508541.7384199279,528119.460270216,547641.4509073372,567399.3682841529,586972.1719169398,606501.1780465135,625969.4426940926,645369.3297603686,664967.7341620062,684373.1791062546,703713.6563838866,722977.4418758462,742158.1711173906,764332.9310801834,784280.8412809748,804207.2842650597,824072.5545756753,843860.9129590007,865129.5548592791,885215.4366220565,905240.9650418069,925186.7071914027,945043.5268600421,965048.5451939473,985350.2661423781,1005630.7097106535,1025832.0059773376,1045930.4751776782,1064896.1202785915,1084779.5089364352,1104549.1904862758,1124188.7686310306,1143689.5727930404,1164201.87165424,1183868.8309718904,1203430.990244213,1222855.869630765,1242124.6658635049
p32,0.0,136668.50045470422,165900.56121503434,195139.36633663415,224457.77882833936,254017.27903557353,284065.3683598347,314677.263445239,345497.5147441313,376421.8786058027,407391.7115040062,439398.4450523857,471419.3485311387,503546.6528418724,535690.6942509754,567812.0769493725,602150.6687808932,634746.68068885,667320.011688269,699849.5705161893,732325.5010049568,763078.6483268742,795152.2836554976,827145.1297777544,859054.8015902217,890877.05014947,923087.0492278697,954984.5807036073,986820.4256307654,1018565.902297903,1050207.1842148567,1082180.0511174167,1113835.9538917537,1145393.7136226336,1176834.0242711713,1208146.4234074028,1244457.3710846915,1277025.1642374587,1309572.89066195,1342033.377753789,1374379.1923171233,1409207.8230167876,1442059.4657287681,1474822.4138700797,1507464.1210524715,1539969.754461315,1572669.481373173,1605859.9651622917,1639040.0445035743,1672113.3443792465,1705038.490061859,1736062.315205543,1768649.3380452762,1801070.297505764,1833298.2282592314,1865318.5490627885,1899032.2357690525,1931336.6418177292,1963496.4019167658,1995456.6122058197,2027182.4620070357
p33,0.0,203034.13090099642,243916.42955217313,285160.7602031994,326766.28361909813,368910.20940305316,411847.9038946337,455696.1843240423,499932.750149844,544394.9781349333,588988.937942872,635099.4011028921,681251.4284338988,727618.6891733544,774065.240310576,820525.8195692108,870325.1228223424,917550.9294152475,964774.683536224,1011960.7397473294,1059090.218914943,1103662.5131677336,1150227.8494787014,1196687.3184986545,1243035.8224854518,1289266.483227021,1336069.225713779,1382401.704021921,1428658.489168311,1474798.258483075,1520798.875500619,1567292.9427330552,1613323.24566073,1659222.532198721,1704962.2808192435,1750526.924290257,1803515.5063234614,1850902.599961983,1898280.778736414,1945550.6713401617,1992669.93405043,2043492.0268537235,2091373.291615192,2139140.6932415385,2186744.875915234,2234164.011218962,2281795.8045234643,2330141.006580877,2378502.6554176877,2426741.2412371095,2474793.3891087393,2520005.694964464,2567583.402489116,2614947.738081309,2662058.968217497,2708895.378506312,2758254.7250118586,2805517.4732447593,2852605.542764585,2899439.2922443054,2945964.3309080685
p34,0.0,271566.88245199353,322842.8491061472,374904.97054022254,427745.4421409083,481579.3964175395,536622.448109213,593023.0453511165,650076.944308896,707545.0602964461,765284.2344869433,825028.6629255677,884851.5357057028,945034.7583235905,1005396.4473286931,1065842.6795760633,1130815.1686614316,1192372.5446085355,1253973.5527133942,1315566.4430474793,1377121.031184853,1435267.2692670124,1496125.702728101,1556869.717248756,1617488.6166734837,1677971.6176445598,1739222.2449932639,1799838.166711262,1860373.3646374403,1920777.2534644234,1981018.8811120084,2041924.525896634,2102220.804207755,2162362.9537977045,2222312.571843467,2282048.3455114164,2351706.706243631,2413820.0875014355,2475945.703025108,2537953.8012351496,2599786.2426984715,2666585.602910457,2729447.1339549255,2792180.4744219054,2854717.1004697527,2917027.266550083,2979525.904034438,3042946.157465646,3106421.4498993186,3169774.4335708166,3232919.7904063324,3292247.09491617,3354788.591470878,3417086.089065522,3479086.0327121653,3540759.238124749,3605814.2477015583,3668054.8165743835,3730106.011483514,3791867.966274403,3853266.50264226
p35,0.0,336391.4802320405,395734.29099962395,456211.9992697787,517939.9456485187,581224.1700571784,646226.1925305286,713127.4464126684,781045.6701431853,849650.104578594,918731.9915212771,990291.6134978919,1061980.422583368,1134203.4769992111,1206736.4281983373,1279455.6381796228,1357852.1484004254,1432058.1343148928,1506375.5018282675,1580736.8955844142,1655099.9463515386,1725263.994202728,1798843.7201577346,1872322.134387075,1945679.9175622803,2018901.0424675625,2093083.3033071535,2166477.3062768495,2239794.572061882,2312981.515695975,2386000.23812349,2459850.5726722265,2532962.5821745284,2605912.9091840754,2678653.4862535284,2751156.909465367,2835935.3483335664,2911311.8252992453,2986729.535939933,3062034.8961768746,3137155.261133581,3218439.9682097742,3294845.076880784,3371123.003680462,3447185.103962101,3522992.555647081,3598924.10124024,3675946.039230095,3753065.276622501,3830078.0119427927,3906880.675355704,3978932.9028686327,4055017.9152217247,4130848.851218558,4206357.9046101,4281508.180570152,4360852.137003877,4436693.913851032,4512343.065857762,4587688.1470110705,4662637.43190248
p36,0.0,495402.2213578642,576793.2181132009,659791.963313712,744901.2964154945,832698.7784881557,923338.6093004979,1017120.1631775183,1112748.7226404299,1209692.9542257227,1307595.3015038467,1409186.1385150808,1511038.904583826,1613817.9983889316,1717192.0217022984,1820966.1541472801,1933198.6436126803,2039332.1300632355,2145713.1227805843,2252237.805247026,2358836.984320042,2459295.8693662505,2564855.906027389,2670329.289608093,2775678.3842573618,2880874.4736466757,2987504.8070969917,3092977.661642328,3198364.694382565,3303602.4816244366,3408639.518842584,3514915.9168710965,3620130.3667682256,3725151.0901896623,3829907.4424306587,3934357.62253799,4056842.7888544295,4165421.891250568,4274093.608045533,4382646.1425332725,4490974.120577616,4608385.887647908,4718617.0327598015,4828709.392225381,4938528.221193083,5048012.097499688,5157535.268462128,5268578.73683372,5379792.470342247,5490904.5016930215,5601769.283155013,5705616.497420493,5815458.909906678,5924994.101285083,6034120.385178978,6142781.317605341,6257616.953056285,6367275.155072232,6476694.648722885,6585732.235927051,6694252.197704044
p37,0.0,623270.8255960689,718409.7738985932,815164.6490716084,914709.1805517805,1017984.6978850614,1125157.3266770043,1236685.6776295092,1350987.9471924172,1467369.731585036,1585332.794898882,1708059.4120462525,1831261.2420339605,1955841.9842897453,2081379.8135149626,2207610.2252821955,2344619.394250327,2474083.9244317934,2603983.949840915,2734178.620743966,2864570.821048631,2987315.789096794,3116563.674840893,3245790.420631098,3374938.8698190353,3503964.4762237677,3634828.1039348063,3764255.5446336525,3893608.6145812864,4022824.2897390844,4151845.9390506265,4282449.355538832,4411751.655210082,4540869.312458668,4669715.538756286,4798236.602519918,4949389.333866436,5082996.804258512,5216760.305288219,5350431.978886581,5483884.690028169,5628772.157331856,5764641.76831305,5900404.124952386,6035887.906921123,6171010.609941107,6306034.225593367,6442867.434763964,6579939.282375772,6716946.0214712275,6853717.198519082,6981643.345712232,7117173.311307522,7252401.483520723,7387200.938353924,7521497.705837051,7663569.664991473,7799114.693141804,7934408.772908806,8069296.351720779,8203614.662695953
p38,0.0,593552.6678426552,677563.9315059439,762487.4520929245,849991.7471054171,941220.7533098019,1036346.3804880793,1135915.2738196028,1238500.0727088938,1343450.1999554983,1450272.3200425254,1561785.5735087597,1673929.587347758,1787619.6470779884,1902449.76049304,2018150.2860910275,2144257.8423913084,2263346.031813066,2382994.2502785106,2503050.5185101614,2623409.998905217,2736592.0610434045,2856043.4392211386,2975563.450808123,3095092.222055797,3214577.6324913814,3335849.7168789813,3455786.9778286135,3575685.4450099217,3695493.756637753,3815165.041687033,3936357.3885377697,4056338.9698188384,4176193.83365445,4295842.909906382,4415234.931756972,4556083.499376935,4680207.878794062,4804513.474867028,4928775.547385971,5052880.687732174,5187854.936660111,5314264.723258009,5440630.290623915,5566789.507402202,5692660.963442382,5818316.17238494,5945595.444973329,6073109.0620020395,6200604.93070676,6327935.723920297,6446841.928873406,6573018.511169386,6698976.624098085,6824601.954785355,6949822.918869712,7082441.242540274,7208847.143831114,7335053.4129535,7460929.386293289,7586325.635726992
p39,0.0,918025.381867996,1038362.9466787595,1158902.8290719977,1283025.5586455856,1412913.73381967,1548911.631459923,1692052.4512317318,1840289.7067751586,1992677.4159640467,2148467.0283352803,2311751.361496988,2476297.7926941323,2643612.229958221,2813068.6302582473,2984232.9046524623,3171729.8098175414,3348688.0348019195,3526796.602956271,3705778.558651658,3885448.7180297067,4054244.7914266284,4232874.941591921,4411767.614264932,4590831.412430582,4769970.427859518,4951954.129718375,5131958.30428591,5311975.521197603,5491924.766416063,5671738.124426199,5853928.648120446,6034291.234996884,6214530.253664043,6394529.094247113,6574209.222988263,6786881.379439466,6973697.498003325,7160855.466004732,7348002.147156591,7534972.952012484,7738688.759222385,7929200.274177371,8119725.475941108,8310013.477972098,8499937.828453092,8689371.599947797,8881166.582054496,9073315.6861931,9265483.592350556,9457467.675872913,9636437.244477738,9826657.51878927,10016622.242091164,10206174.702273235,10395207.013913535,10595655.477153413,10786515.251429085,10977126.062525544,11167298.51644126,11356821.70751621
p40,0.0,2171873.5194601086,2435268.404108546,2696102.434534956,2963966.1676275977,3244922.035382212,3540051.3000911707,3852259.7920054477,4177139.218689686,4512658.9901488535,4857158.923859166,5219810.381022161,5586030.723708498,5959626.714812758,6339151.455920626,6723574.834514498,7147179.80728955,7546674.831351457,7949692.932678603,8355457.152105377,8763470.588740787,9146454.240901569,9553123.72780104,9960845.099248338,10369433.2429782,10778635.009223295,11194853.636960687,11606705.999252852,12018873.466986075,12431129.83152422,12843304.18840289,13261211.676581591,13674946.50493396,14088593.014731374,14501882.106735477,14914628.08201557,15404900.859836396,15834088.74423111,16264321.46335802,16694677.434680482,17124771.361555174,17594270.029123764,18032641.651373964,18471252.439429697,18909486.03478383,19347044.024343986,19783138.192295566,20224502.875408817,20666662.875948843,21108940.269362196,21550913.420443002,21962174.0476082,22399999.878149465,22837349.694519814,23273923.903094314,23709485.305464655,24171957.29850457,24611804.14365885,25051217.59121342,25489743.008086305,25926920.43260132
p41,0.0,1946980.8654704113,2165313.217121175,2378611.3375556367,2596712.400492824,2825675.858605336,3066723.5505544054,3322841.8811225803,3590494.7633713135,3868082.0703332024,4154257.828311399,4456881.897647432,4763039.860578902,5076405.682253832,5395739.125995074,5720145.105814634,6080068.950326068,6419066.644024917,6761989.190235828,7108032.3102641385,7456699.227351615,7783652.5558420345,8132301.765103741,8482316.230454914,8833581.175004395,9185865.721310765,9544786.703804635,9900176.57445201,10256220.474687027,10612671.979470067,10969353.62518893,11331355.49900521,11689826.248662274,12048466.902636712,12407033.280580265,12765354.805118456,13192697.919591706,13565377.093189258,13939333.048178583,14313605.882464586,14687820.02282706,15097163.200021464,15478712.135265281,15860712.57874756,16242561.210254123,16623983.2019253,17003899.089170057,17388310.460486516,17773406.23106138,18158666.029189274,18543758.090459533,18901438.682133667,19282868.692959394,19663933.61513336,20044450.23982594,20424230.94299481,20828027.854659904,21211584.114554953,21594916.889991853,21977587.769461047,22359197.34421412
